Está en la mesa.	It's on the table.
Él es profesor.	He's a teacher.
Ella es alta.	She's tall.
No sé.	I don't know.
No está aquí.	It's not here.
No sé.	I don't know
¿De dónde eres?	Where are you from?
¿Dónde estás?	Where are you?
¿Quién eres?	Who are you?
¿Qué es esto?	What's this?
Eso no es para mí.	That's not for me.
Este no es mi libro.	This isn't my book.
Él no es mi hermano.	He's not my brother.
¿Está él con su hermana?	Is he with his sister?
El lápiz está debajo de la mesa.	The pencil is under the table.
¿Dónde está?	Where is it?
Él no está en mi lista.	He's not on my list.
Ella es muy agradable.	She's very nice / pleasant.
¿Qué día es hoy?	What day is (it) today?
¿Cómo está él?	How is he (doing)?
¿Es esa tu respuesta?	Is that your answer?
¿Está al lado de la puerta?	Is it next to the door?
¿Dónde está entonces?	Where is it then?
Soy la única persona aquí.	I'm the only person here.
Ella no es mi secretaria.	She's not my secretary.
¿Está ella detrás de ti?	Is she behind you?
Aquel es mi único teléfono.	That's my only telephone.
¿Qué es lo que está en la mesa?	What's on the table?
¿Quién está con él?	Who's with him?
¿Quién es ella?	Who's she?
¿Cómo está usted?	How are you?
¿Qué tal?	How are you doing?
Aquel no es para ella.	That's not for her.
¿Qué es lo que está en la caja?	What's in the box?
¿Cuál es tu opinión?	What's your opinion?
Eres muy bajo.	You're very short.
¿Dónde está París?	Where's Paris?
No estoy contento.	I'm not happy.
¿Estás listo?	Are you ready?
Es muy importante.	It's very important.
Esto no es interesante.	This isn't interesting.
¿Dónde está la ventana?	Where's the window?
¿Es ese tu perro?	Is that your dog?
Estoy detrás de ti.	I'm behind you.
Es fácil.	It's easy.
¿Está él aquí?	Is he here?
No es difícil.	It's not difficult.
¿De dónde es él?	Where's he from?
¿Es de la ciudad?	Is he from the city?
Es de un pueblo pequeño.	He's from a small town.
No es de una ciudad grande.	He's not from a big city.
Ella está delante de mí.	She's in front of me.
¿De qué color es?	What colour is it?
¿Es para mí?	Is it for me?
¿Quién está allí?	Who's there?
¿Quién es esa persona?	Who's that person?
¿Quién está delante de ella?	Who's in front of her?
Es mi problema.	It's my problem.
Ese es tu problema.	That's your problem.
Esta es la solución.	This is the solution.
Es un coche azul.	It's a blue car.
Es una casa grande.	It's a big house.
Es una lección difícil.	It's a difficult lesson.
Este es un informe importante.	This is an important report.
Aquello es un teléfono verde.	That's a green telephone.
¿Dónde está el coche rojo?	Where's the red car?
¿Qué es lo que está en el coche?	What's in the car?
¿Es esta tu respuesta?	Is this your answer?
¿Cuál es tu pregunta?	What's your question?
La pregunta es muy fácil.	The question is very easy.
¿Quién es el profesor?	Who's the teacher?
¿Eres tú el alumno?	Are you the student?
¿Dónde está tu cuaderno?	Where's your notebook?
Tu nombre no está en esta lista.	Your name's not on this list.
No lo sé.	I don't know.
¿Qué tal estás?	How are you doing?
Bien, gracias.	Fine, thank you.
Usted es el presidente.	You're the president.
Él está en aquella habitación.	He's in that room.
¿Dónde está la carta?	Where's the letter?
Está en el suelo.	It's on the floor.
No está en la pared.	It's not on the wall.
¿Qué es?	What is it?
¿Es una radio?	Is it a radio?
Ella está conmigo.	She's with me.
El calendario no está en la pared.	The calendar's not on the wall.
Está allí.	It's over there.
¿Cuál es tu nombre?	What's your name?
¿Cuál es su nombre? (de él)	What's his name?
¿Cuál es mi apellido?	What's my last name / surname?
¿Cuál es su dirección? (de ella)	What's her address?
Su casa es muy grande. (de él)	His house is very big.
Su hermano es muy alto. (de ella)	Her brother is very tall.
Tu padre es muy joven.	Your father is very young.
Esta es su última oportunidad. (de él)	This is his last chance.
¿Cómo está su madre? (de ella)	How's her mother?
¿Dónde está su coche? (de él)	Where's his car?
El avión pequeño es inglés.	The small plane is English.
El hombre alto es francés.	The tall man is French.
Su mujer es española.	His wife is Spanish.
Ella es de Madrid.	She's from Madrid.
Es de París.	He's from Paris.
¿Dónde está su casa? (de él)	Where's his house?
Está cerca de París.	It's near Paris.
¿Está su mujer contenta en Francia?	Is his wife happy in France?
Creo que sí.	I think so.
¿Es grande París?	Is Paris big?
¿Está lejos de aquí?	Is it far from here?
¿Es interesante su trabajo? (de él)	Is his job interesting?
¿Es difícil?	Is it difficult?
¿Es un trabajo importante?	Is it an important job?
¿Es importante su empresa?	Is his company important?
¿Es grande?	Is it big?
¿Está cerca de su casa? (de él)	Is it near his house?
Esto es un libro.	This is a book.
No es mi libro.	It's not my book.
Es muy caro.	It's very expensive.
El Rin es un río largo.	The Rhine is a long river.
El Miño es un río corto.	The Miño is a short river.
Aquel es un informe corto.	That's a short report.
Estoy contento con el resultado.	I'm happy with the result.
¿Está ella contigo?	Is she with you?
¿Con quién está?	Who's she with?
¿De dónde es?	Where's she from?
No soy tu jefe.	I'm not your boss.
Ella no es su mujer. (de él)	She's not his wife.
No eres su marido.	You're not her husband.
Esta no es mi dirección.	This isn't my address.
Mi dirección no está en tu lista.	My address isn't on your list.
Ese hombre es bueno.	That man is good.
Es un buen hombre.	He's a good man.
Ese perro es malo.	That dog is bad.
Es un perro malo.	It's a bad dog.
Es un avión viejo.	It's an old plane.
Ella es una chica joven.	She's a young girl.
Este es un juego fácil.	This is an easy game.
Soy una persona difícil.	I'm a difficult person.
Él es un director importante.	He's an important director.
El libro es pesado.	The book is heavy.
La historia es interesante.	The story is interesting.
La revista es aburrida.	The magazine is boring.
La película no es larga.	The movie's not long.
Ese no es su periódico. (de ella)	That's not her newspaper.
¿Qué es eso?	What's that?
¿Dónde está el perro pequeño?	Where's the small dog?
Esa es una buena pregunta.	That's a good question.
¿Es para ti?	Is it for you?
¿Es esta la última página?	Is this the last page?
¿Qué perro es grande, este o aquel?	Which dog is big, this one or that one?
¿Quién está en ese camión?	Who's in that truck / lorry?
¿Está el libro en tu bolsillo?	Is the book in your pocket?
Esa no es la respuesta correcta.	That's not the right answer.
Este es un juego difícil.	This is a difficult game.
Estoy contigo.	I'm with you.
¿Qué libro es fácil, este o aquel?	Which book is easy, this one or that one?
¿Es esa tu decisión final?	Is that your final decision?
¿Cómo está usted?	How do you do?
Esa no es la única alternativa.	That isn't the only alternative.
¿Quién está allí?	Who's there?
¿Quién es mi profesor?	Who's my teacher?
Es para ella.	It's for her.
Es para él.	It's for him.
¿Para quién es esto?	Who's this for?
¿Para quién es?	Who's it for?
¿Es aquello para mí?	Is that for me?
Él es una persona importante.	He's an important person.
Él es de Inglaterra.	He's from England.
Él está aquí ahora.	He's here now.
Él está con tu hermana.	He's with your sister.
Esto es para él.	This is for him.
¿Cuál es su nombre? (de ella)	What's her name?
¿Cuál es su dirección? (de ella)	What's her address?
¿Quién es su hermano? (de ella)	Who's her brother?
¿Quién está con ella ahora?	Who's with her now?
¿Dónde está ella ahora?	Where is she now?
¿Cómo está su padre? (de ella)	How's her father?
Tu problema no es importante.	Your problem isn't important.
¿Para quién es esta carta?	Who's this letter for?
Están aquí.	They're here.
¿Dónde están?	Where are they?
¿Están en el suelo?	Are they on the floor?
¿Son para ti o para mí?	Are they for you or for me?
Estamos con ellos.	We're with them.
¿Quiénes son?	Who are they?
No estamos contentos.	We're not happy.
No son mis cintas.	They're not my tapes.
Esas flores no son bonitas.	Those flowers aren't pretty.
Sus camisas no están limpias. (de él)	His shirts aren't clean.
Los coches rojos están detrás de mí.	The red cars are behind me.
Sus ojos son azules. (de ella)	Her eyes are blue.
¿Dónde están los niños?	Where are the children?
¿Están en casa?	Are they at home?
¿Están en la escuela?	Are they at school?
¿Cómo están?	How are they?
¿Cuáles son los problemas?	What are the problems?
¿Cuál es tu problema?	What's your problem?
Aquellos son tus cuadernos.	Those are your notebooks.
Estas lámparas son caras.	These lamps are expensive.
Mis notas son buenas.	My grades / marks are good.
Sus orejas son grandes. (de él)	His ears are big.
Sus hijos son altos. (de ella)	Her children are tall.
Estos números son erróneos.	These numbers are wrong.
Tus respuestas son correctas.	Your answers are right / correct.
¿Quiénes son aquellas personas?	Who are those people?
¿Son difíciles estos ejercicios?	Are these exercises difficult?
¿Qué son estos?	What are these?
¿Qué son?	What are they?
Somos de EE.UU.	We're from the USA.
¿De dónde sois?	Where are you from?
¿De dónde son?	Where are they from?
Estamos delante de ellos.	We're in front of them.
Ellas están al lado de nosotros.	They're next to us.
Las ventanas están abiertas.	The windows are open.
Los días son largos ahora.	The days are long now.
Aquellas son las máquinas nuevas.	Those are the new machines.
¿Cuáles son tus planes?	What are your plans?
¿Son fáciles o difíciles?	Are they easy or difficult?
¿Dónde están nuestros nombres?	Where are our names?
Somos amigos.	We're friends.
Son buenos.	They're good.
Estos son caros.	These are expensive.
¿Son caros aquellos también?	Are those expensive too?
Esas manzanas son malas.	Those apples are bad.
Nuestros coches no son pequeños.	Our cars aren't small.
Las respuestas están bien.	The answers are correct.
Estáis locos.	You're crazy.
Aquellos sobres son míos.	Those envelopes are mine.
Este cuadro es tuyo.	This picture is yours.
Estas peras son de ella.	These pears are hers.
¿Dónde están los de él?	Where are his?
Su casa está cerca de aquí. (de ellos)	Their house is near here.
Sus problemas no son míos. (de ellos)	Their problems aren't mine.
¿Cuáles son sus nombres?	What are their names?
¿Dónde están sus cartas? (de ella)	Where are her letters?
¿Son estos sus libros? (de ellas)	Are these their books?
¿Dónde están sus padres? (de él)	Where are his parents?
¿Quiénes son sus padres? (de ellos)	Who are their parents?
¿Son tuyos estos?	Are these yours?
¿De quién son?	Whose are they?
No son míos.	They're not mine.
¿Son nuestros?	Are they ours?
No sé.	I don't know.
Están conmigo.	They're with me.
¿Dónde están los nuestros?	Where are ours?
Están allí.	They're over there.
¿De quién son esas fotos?	Whose pictures are those?
¿Son vuestras?	Are they yours?
¿De quién son entonces?	Whose are they then?
Son mías.	They're mine.
¿Dónde están sus carnés? (de ellos)	Where are their ID cards?
Estas son sus monedas. (de ellas)	These are their coins.
Él está aquí.	He's here.
Son muy cortos.	They're very short.
Mi padre es muy alto.	My father is very tall.
El mío no es alto.	Mine isn't tall.
Mis hijos son jóvenes.	My children are young.
Los míos son jóvenes también.	Mine are young too.
Los de él no son jóvenes.	His aren't young.
Están en casa ahora.	They're at home now.
¿Dónde está su casa? (de ellos)	Where's their house?
Está lejos de aquí.	It's far from here.
Es una casa grande.	It's a big house.
La de ella es grande también.	Hers is big too.
La nuestra es muy pequeña.	Ours is very small.
¿Es grande vuestra casa?	Is your house big?
No, no lo es.	No, it's not.
Son para mí.	They're for me.
Es para nosotros.	It's for us.
No están contigo.	They're not with you.
Ella está al lado de él.	She's next to him.
Esto es para ella.	This is for her.
Estoy con ellos.	I'm with them.
Están conmigo.	They're with me.
Los caballos allí no son blancos.	The horses over there aren't white.
Este es tu problema, no el mío.	This is your problem, not mine.
¿De quién es este sobre?	Whose envelope is this?
¿Qué es esto?	What's this?
¿Qué son estos?	What are these?
¿Cuáles son sus nombres?	What are their names?
¿Dónde están sus padres? (de él)	Where are his parents?
¿Dónde está su padre? (de ellos)	Where's their father?
El mío está al lado del de ella.	Mine is next to hers.
¿Son de él estas revistas?	Are these magazines his?
El barco está en el puerto.	The ship's in the port.
¿Estás seguro?	Are you sure?
No, no estoy seguro.	No, I'm not sure.
Su padre es mi hermano. (de ella)	Her father's my brother.
¿De quién son estos mecheros?	Whose lighters are these?
Son de ella.	They're hers.
Esta es su única oportunidad. (de él)	This is his only chance.
Estos son de ellos, no de él.	These are theirs, not his.
Aquellos no son los únicos problemas.	Those aren't the only problems.
Él es médico.	He's a doctor.
¿Cuándo es la fiesta?	When's the party?
¿Qué tal están?	How are they doing?
Es una manzana.	It's an apple.
Él es artista.	He's an artist.
La universidad está cerca de aquí.	The university's near here.
Son abogados.	They're lawyers.
Su trabajo es fácil. (de ellos)	Their job is easy.
Los días son largos en verano.	The days are long in the summer.
Ella es una actriz muy guapa.	She's a very pretty actress.
Él es un actor muy guapo.	He's a very handsome actor.
Es una ciudad muy hermosa.	It's a very beautiful city.
Es un folleto muy interesante.	It's a very interesting brochure.
Son informes muy importantes.	They're very important reports.
Esta es una clase muy aburrida.	This is a very boring class.
No es necesario.	It's not necessary.
Mi mujer está con mis hijos.	My wife's with my children.
¿Por qué eres profesor?	Why are you a teacher?
¿Por qué es difícil?	Why is it difficult?
El mundo es grande.	The world is big.
Europa es un continente.	Europe is a continent.
Estos son para ellos, no para ella.	These are for them, not for her.
Son las dos de la tarde.	It's two p.m.
¿Qué clase de reloj es ese?	What kind of watch is that?
Están debajo del escritorio.	They're under the desk.
¿Por qué están allí?	Why are they there?
¿Por qué es tuyo?	Why is it yours?
Él es carpintero.	He's a carpenter.
Están aquí porque son mis padres.	They're here because they're my parents.
¿De dónde son?	Where are they from?
¿Eres de allí también?	Are you from there too?
¿Qué hora es?	What time is it?
Es una naranja, no una pera.	It's an orange, not a pear.
¿Es esta la respuesta?	Is this the answer?
Ella es muy inteligente.	She's very intelligent.
¿Es tu hermana?	Is she your sister?
Esta es la última página.	This is the last page.
¿De qué color son esas paredes?	What colour are those walls?
Aquel es mío.	That one's mine.
Estos son tuyos.	These are yours.
Este es bonito.	This one's pretty.
Ese es feo.	That one's ugly.
Este es para ellos.	This one's for them.
El que está en la mesa es mío.	The one on the table is mine.
El verde es de ella.	The green one's hers.
Los azules son de ellos.	The blue ones are theirs.
¿Cuál es el tuyo, este o aquel?	Which one's yours, this one or that one?
La que está allí es de él.	The one over there is his.
¿Cuáles son los de ellos?	Which ones are theirs?
¿Cuál es amarillo?	Which one is yellow?
¿Cuándo es?	When is it?
¿Cuándo son las reuniones?	When are the meetings?
Estoy cansado.	I'm tired.
No están en esa habitación.	They're not in that room.
¿Quiénes son ustedes?	Who are you?
¿Quién es su jefe? (de ellos)	Who's their boss?
Estos son sombreros.	These are hats.
La caja no está cerrada.	The box isn't closed.
Estas palabras no son inglesas.	These words aren't English.
¿Está Londres en Alemania?	Is London in Germany?
Los alemanes son muy altos.	(The) Germans are very tall.
Los gatos están debajo del sillón.	(The) cats are under the armchair.
¿Por qué están vacíos los vasos?	Why are the glasses empty?
Te equivocas, están llenos.	You're wrong; they're full.
¿Qué tiempo hace hoy?	What's the weather like today?
Hace frío.	It's cold.
Hace calor.	It's hot.
Está lloviendo.	It's raining.
Está nevando.	It's snowing.
Está nublado.	It's cloudy.
Está oscuro.	It's dark.
Hace buen tiempo.	The weather's nice.
Hace mal tiempo.	The weather's bad.
El que está aquí es mío.	The one here is mine.
Los de ellos son bonitos también.	Theirs are pretty too.
¿Dónde está el tuyo?	Where's yours?
¿Quién está en aquella habitación?	Who's in that room?
¿Es este el de ella?	Is this (one) hers?
El de ellos es como el de él.	Theirs is like his.
Él no es la única persona alta.	He's not the only tall person.
¿Para quién es esto?	Who's this for?
Es para aquella gente.	It's for those people.
¿Es duro o blando?	Is it hard or soft?
El de él es redondo.	His is round.
Su hija es graciosa. (de ellos)	Their daughter is funny.
Sus preguntas son las mismas. (de él)	His questions are the same.
Es de día.	It's daytime.
Están con ella porque son sus amigos. (de ella)	They're with her because they're her friends.
El libro de Pepe está aquí.	Pepe's book is here.
Este no es el único.	This isn't the only one.
Los míos están al lado de los de él.	Mine are next to his.
¿De quién es esta carta? (procedencia)	Who is this letter from?
¿De quién es esta carta? (pertenencia)	Whose letter is this?
¿Por qué estás con ellos?	Why are you with them?
Esto no es para ellos, es para ella.	This isn't for them; it's for her.
La casa de Enrique es muy grande.	Enrique's house is very big.
París es famoso por su arte.	Paris is famous for its art.
Sus respuestas son correctas. (de él)	His answers are right / correct.
Aquellas playas están lejos de aquí.	Those beaches are far from here.
La primera parte es muy fácil.	The first part is very easy.
¿Por qué es tan fácil?	Why is it so easy?
¿Están listos?	Are they ready?
El azul es de ellos.	The blue one is theirs.
Los míos son los que están allí.	Mine are the ones over there.
¿Es él uno de tus amigos?	Is he one of your friends?
¿Es amigo tuyo?	Is he a friend of yours?
Es amigo mío.	He's a friend of mine.
Son amigos nuestros.	They're friends of ours.
Ella es una de nuestros amigos.	She's one of our friends.
Soy amigo de ellos.	I'm a friend of theirs.
Ese señor es mi primo.	That man is my cousin.
Soy su agente. (de ella)	I'm her agent.
Su problema (de ellos) es sencillo.	Their problem is simple.
La mujer de Juan es muy inteligente.	Juan's wife is very intelligent.
Los elefantes son grandes.	Elephants are big.
Los elefantes de Marte son pequeños.	The elephants on Mars are small.
Las mujeres son fuertes.	Women are strong.
Las mujeres de esta casa son altas.	The women in this house are tall.
El hijo de ese señor es famoso.	That gentleman's son is famous.
Hace calor aquí.	It's hot here.
Siempre hace frío en ese cuarto.	It's always cold in that room.
Los de ellos son fáciles.	Theirs are easy.
¿De quién son estos papeles?	Whose papers are these?
La explicación del dueño está clara.	The owner's explanation is clear.
¿Es ese tu problema o mío?	Is that your problem or mine?
El artículo no es interesante.	The article isn't interesting.
El plan del general es brillante.	The general's plan is brilliant.
Este lugar es muy agradable.	This place is very pleasant.
Los pájaros son muy inteligentes.	Birds are very intelligent.
Los pájaros aquí son peligrosos.	The birds here are dangerous.
Su coche no es el azul, sino el verde. (de ellos)	Their car isn't the blue one, but the green one.
El agua está muy caliente.	The water's very hot.
Es un día muy caluroso.	It's a very hot day.
Tengo calor.	I'm hot.
Tienen frío.	They're cold.
Tengo hambre.	I'm hungry.
Ella tiene sed.	She's thirsty.
¿Cuál es su respuesta? (de ellos)	What's their answer?
No saben.	They don't know.
¿Por qué está la gente enfadada?	Why are (the) people angry?
Estoy aquí porque soy el profesor.	I'm here because I'm the teacher.
¿Está bien?	Is it okay / alright?
Su dinero está en buenas manos. (de ella)	Her money's in good hands.
No son para ellos.	They're not for them.
¿Cuáles son las verdaderas cifras?	What are the real figures?
¿Quién es aquel hombre de allí?	Who's that man over there?
¿Está al lado de la cocina?	Is it next to the kitchen?
¿Cuáles son tus intenciones?	What are your intentions?
Son las tres.	It's three o'clock.
¿Es usted el señor que está enfermo?	Are you the man who's sick / ill?
¿Es rico él?	Is he rich?
El coche del rico es el rojo.	The rich man's car is the red one.
Los problemas de mi tío son graves.	My uncle's problems are serious.
La luna es redonda, no cuadrada.	The moon's round, not square.
¿Por qué es tan larga esta lista?	Why is this list so long?
La nariz del payaso es redonda.	The clown's nose is round.
Están cerrados.	They're closed.
El rojo es de Pepe.	The red one is Pepe's.
El mío y el de él son iguales.	Mine and his are the same.
Los camiones amarillos son de mi tío.	The yellow trucks / lorries are my uncle's.
La sopa de Elena está fría.	Elena's soup is cold.
Sus brazos y piernas están rotos. (de él)	His arms and legs are broken.
Hoy es el cumpleaños de María.	Today's María's birthday.
Ella tiene 26 años.	She's 26 years old.
¿Dónde están los juguetes de tu hijo?	Where are your son's toys?
¿Por qué son verdes los ojos de Juan?	Why are Juan's eyes green?
No están listos todavía.	They're not ready yet.
Estoy bien, gracias.	I'm fine, thank you.
Aquel es el mío.	That one's mine.
¿Es tuyo?	Is it yours?
¿Es nuevo?	Is it new?
El de él está bien.	His is okay / fine.
El de ellos es para ella.	Theirs is for her.
Soy yo.	It's me.
¿Quién es?	Who is it?
Aquellos bolígrafos son nuestros.	Those pens are ours.
Este es el de Pepe.	This one is Pepe's.
Somos nosotros.	It's us.
Los de ellos son los blancos.	Theirs are the white ones.
¿Cuáles son los vuestros?	Which ones are yours?
Este no es.	This isn't it.
¿Son las dos?	Is it two o'clock?
¿Por qué está ella contigo?	Why is she with you?
¿Dónde están sus padres? (de ella)	Where are her parents?
¿Por qué estamos aquí?	Why are we here?
El nuestro es el mejor.	Ours is the best (one).
¿De quién es?	Whose is it?
¿De quién es este bolígrafo?	Whose pen is this?
¿De quién son estas cartas?	Whose letters are these?
¿Cuál es el problema?	What's the problem?
Los caballos blancos son hermosos.	White horses are beautiful.
Es un círculo.	It's a circle.
Son profesores.	They're teachers.
Ella es ama de casa.	She's a housewife.
El hermano de su marido está aquí. (de ella)	Her husband's brother is here.
¿Están cansados?	Are they tired?
Estoy perdido.	I'm lost.
Nada es fácil.	Nothing is easy.
Las guitarras españolas son buenas.	Spanish guitars are good.
La gente alta es normalmente delgada.	Tall people are normally slim.
¿Por qué está sucio?	Why is it dirty?
Sus casas están cerca de la de ella. (de ellos)	Their houses are near hers.
Están lejos de aquí.	They're far from here.
Es muy gracioso.	It's very funny.
¿Estás seguro de que son nuestros?	Are you sure they're ours?
Están aquí porque esta es su casa.	They're here because this is their house.
¿Estás seguro de que es de ella?	Are you sure it's hers?
Por supuesto que sí (lo estoy).	Of course I am.
¿Estoy en la lista?	Am I on the list?
Los perros son nuestros mejores amigos.	Dogs are our best friends.
La luz está encendida.	The light's on.
Este es el final.	This is the end.
¿Cuáles son los de ellos?	Which ones are theirs?
¿Es este su despacho? (de ellos)	Is this their office?
Es muy largo, ¿no?	It's very long, isn't it?
¿No es interesante?	Isn't it interesting?
¿No es él profesor?	Isn't he a teacher?
Son botones, ¿no?	They're buttons, aren't they?
Este es el informe, ¿no?	This is the report, isn't it?
¿Por qué es de ellos?	Why is it theirs?
El tuyo es aquel, ¿no?	Yours is that one, isn't it?
¿No está ella con ellos?	Isn't she with them?
¿Dónde está ella entonces?	Where is she then?
Somos los mejores, ¿no?	We're the best, aren't we?
¿No es ese señor el señor Pérez?	Isn't that gentleman Mr Pérez?
Si este es de ellos, entonces ese es nuestro.	If this one's theirs, then that one's ours.
¿Cuál es el propósito de todo esto?	What's the purpose of all this?
No entiendo.	I don't understand.
¿No es un gato?	Isn't it a cat?
Esa gente está enfadada.	Those people are angry.
¿Cuáles son sus motivos? (de ellos)	What are their reasons?
La salud del viejo era mala.	The old man's health was bad.
Ella es la madre de su amigo. (de él)	She's his friend's mother.
¿Cómo se llama ella?	What's her name?
Se llama María, ¿no?	Her name's María, isn't it?
Son montañas muy altas.	They're very high mountains.
Ella es una señora muy alta.	She's a very tall lady.
La mujer del soldado está enferma.	The soldier's wife is sick / ill.
Las mujeres de los soldados están aquí.	The soldiers' wives are here.
¿No están rotas las ventanas?	Aren't the windows broken?
¿No es usted la única persona aquí?	Aren't you the only person here?
¿No son bonitos sus zapatos? (de ella)	Aren't her shoes pretty?
Los elefantes son grises, ¿no?	Elephants are grey, aren't they?
Esa no es la respuesta que está en el libro.	That's not the answer that's in the book.
¡Qué libro más interesante!	What an interesting book!
¡Qué manzanas más buenas!	What good apples!
La respuesta del director es la siguiente:	The director's answer is the following:
El dinero de la gente es el dinero del país.	The people's money is the country's money.
¿No va esto contra las reglas?	Isn't this against the rules?
¿Dónde está la casa de tus padres?	Where's your parents' house?
Aquellos son míos, ¿no?	Those are mine, aren't they?
¿Es hora ya?	Is it time now?
¿Por qué son de ella?	Why are they hers?
Esta porción es suya, ¿no? (de él)	This portion is his, isn't it?
Esto es aburrido.	This is boring.
¿Por qué no está él aquí?	Why isn't he here?
¿Quién no tiene hambre?	Who isn't hungry?
¿Por qué no están listas las cartas?	Why aren't the letters ready?
Así es la vida.	That's life.
La vida es corta, ¿no?	Life's short, isn't it?
La lluvia es necesaria.	Rain is necessary.
Su cara es muy expresiva. (de ella)	Her face is very expressive.
La catedral es muy impresionante.	The cathedral is very impressive.
Los regalos están debajo del árbol.	The presents / gifts are under the tree.
Esos aspectos no son importantes.	Those aspects aren't important.
Él no está aquí, ¿verdad?	He's not here, is he?
No están calientes, ¿verdad?	They're not hot, are they?
Es una chica maravillosa.	She's a wonderful girl.
No es para ellos, ¿verdad?	It's not for them, is it?
Su mapa es bastante útil. (de ellos)	Their map is quite useful.
No es para mí, ¿verdad?	It's not for me, is it?
Esto solo es el comienzo.	This is only the beginning.
¿Qué carretera es esa?	What highway is that?
Es un río ancho.	It's a wide river.
Es un río bastante ancho.	It's a pretty wide river.
Es bastante ancho.	It's pretty / quite wide.
Él es realmente poderoso.	He's really powerful.
¿Eres feliz de verdad?	Are you really happy?
Me alegro.	I'm glad.
¿Por qué te alegras?	Why are you glad?
Me alegro cuando la gente es feliz.	I'm glad when people are happy.
Las moscas son necesarias.	Flies are necessary.
Estoy aquí porque soy tu jefe.	I'm here because I'm your boss.
¿Por qué está todo el mundo enfadado?	Why's everybody angry?
¿Dónde está el dinero del abogado?	Where's the lawyer's money?
Está en un sitio seguro.	It's in a safe place.
Los obreros están en huelga.	The workers are on strike.
¿Por qué están los obreros en huelga?	Why are the workers on strike?
No soy socio de ese club.	I'm not a member of that club.
Es un club muy exclusivo.	It's a very exclusive club.
Tengo razón.	I'm right.
Estoy equivocado.	I'm wrong.
Casi tienen razón.	They're almost / nearly right.
Las calles están mojadas.	The streets are wet.
Las ciudades grandes son sucias.	Big cities are dirty.
¿Son de un país europeo?	Are they from a European country?
¿Cuáles son sus ocupaciones?	What are their occupations / jobs?
La última línea es muy graciosa.	The last line's very funny.
¿Por qué es siempre difícil?	Why is it always difficult?
Esta clase es un poco extraña.	This class is a little strange.
Tus responsabilidades son las siguientes:	Your responsibilities are the following:
La carta está en el correo.	The letter's in the mail / post.
Estos resultados son un poco mejores.	These results are a little better.
Las corbatas no son necesarias.	Ties aren't necessary.
Las hermanas de David están locas.	David's sisters are crazy / mad.
El juego es muy divertido.	The game's a lot of fun.
Estoy completamente en contra de tu plan.	I'm completely against your plan.
El de ellos es el que está allí.	Theirs is the one over there.
La temperatura es de 4 grados bajo cero.	The temperature's 4 degrees below zero.
Mi nivel está por encima del de ellos.	My level is above theirs.
Este es el final.	This is the end.
Las cosas nunca están claras.	Things are never clear.
La habitación de mi hermana está allí.	My sister's room is over there.
Esta es la habitación de mis hermanos.	This is my brothers' room.
El café y el té son bebidas populares.	Coffee and tea are popular drinks.
El mío está aquí y el tuyo allí.	Mine is here and yours is over there.
Las páginas están rotas.	The pages are torn.
Su camisa está rota. (de él)	His shirt is torn.
La lavadora está rota.	The washing machine is broken.
El asa está rota.	The handle is broken.
Su ropa es bastante elegante. (de ella)	Her clothes are quite elegant.
Este dolor de cabeza es terrible.	This headache is terrible.
La luz está apagada.	The light's off.
¿Cuál es el siguiente?	What's the next one?
¿Cuál es el mío, este o aquel?	Which one's mine, this one or that one?
¿Cuáles son los de ella?	Which ones are hers?
Es un traje muy elegante.	It's a very elegant suit.
El partido está en la tele ahora.	The game's on TV now.
La tierra es redonda como una naranja.	The Earth's round like an orange.
El oro y la plata son metales.	Gold and silver are metals.
Los pupitres de los estudiantes son viejos.	The students' desks are old.
La gente joven está loca.	Young people are crazy / mad.
Las olas son muy grandes.	The waves are very big.
Es bastante fácil, ¿no?	It's quite easy, isn't it?
No es tan importante.	It's not that important.
¿Qué tal?	How are you doing?
Aquella gente es alemana.	Those people are German.
Es difícil la primera vez.	It's difficult the first time.
Los nombres no están en orden.	The names aren't in order.
Las madres de los niños están aquí.	The children's mothers are here.
¿Por qué no es correcta esta cifra?	Why isn't this figure correct?
¿Qué tiempo hace hoy?	How's the weather today?
La nieve es normal en Suecia.	Snow's normal in Sweden.
Están fuera (en la calle).	They're outside.
Mis hijos están en el colegio.	My kids / children are at school.
Es un sitio maravilloso.	It's a wonderful place.
¡Qué anillo más hermoso!	What a beautiful ring!
Al menos 7 personas están en la sala de espera.	At least 7 people are in the waiting room.
Mi opinión es importante también.	My opinion's important too.
¿Es de ellos de verdad?	Is it really theirs?
No es demasiado pequeño, ¿verdad?	It's not too small, is it?
Son ellos los que van con retraso.	They're the ones who are late.
¿Es para él o para ella?	Is it for him or for her?
Es para los dos.	It's for both of them.
Nos alegramos de que estéis aquí.	We're glad you're here.
¿Te alegras de que estemos aquí?	Are you glad we're here?
¿Quién se alegra de que yo esté aquí?	Who's glad I'm here?
El sonido está bien pero no la imagen.	The sound's okay but not the picture.
Sus vidas no son importantes.	Their lives aren't important.
Él está aquí por un motivo, ¿no?	He's here for a reason, isn't he?
Hay un pollo en el horno.	There's a chicken in the oven.
Hay un aeropuerto cerca de aquí.	There's an airport near here.
Hay tres razones.	There are three reasons.
Hay varios casos.	There are several cases.
No hay perros en esta casa.	There aren't any dogs in this house.
Hay algunos problemas.	There are some problems.
No hay problemas.	There aren't any problems.
¿Está él aquí de verdad?	Is he really here?
¿Hay un cuadro en la pared?	Is there a picture on the wall?
¿Hay graves problemas con ello?	Are there any serious problems with it?
¿Es esta mi última oportunidad?	Is this my last chance?
Hay un señor en el pasillo.	There's a gentleman in the hall / corridor.
¿Por qué hay una rana en mi despacho?	Why is there a frog in my office?
¿Hay una respuesta a esta pregunta?	Is there an answer to this question?
No hay leche en esta botella.	There isn't any milk in this bottle.
No hay ratas en mi ciudad.	There aren't any rats in my city.
¿Por qué no estás listo todavía?	Why aren't you ready yet?
Hay una gran tormenta en el norte.	There's a big storm in the north.
Hay algunos soldados con él.	There are some soldiers with him.
¿Hay una forma especial?	Is there a special way?
Hay solamente una forma: la mía.	There's only one way: mine.
¿Por qué hay sólo una forma?	Why is there only one way?
¿Por qué es tu forma la única forma?	Why's your way the only way?
Porque siempre tengo razón.	Because I'm always right.
Porque nunca me equivoco.	Because I'm never wrong.
¿Hay una persona para este puesto?	Is there a person for this job?
¿Está él cualificado para el puesto?	Is he qualified for the job?
Hay una razón para todo.	There's a reason for everything.
Hay algunos anuncios, pero no muchos.	There are some ads, but not many.
Hay veces en las cuales es necesario.	There are times in which it's necessary.
¿Es necesario ahora?	Is it necessary now?
Hay solo una posibilidad.	There's only one possibility.
Te toca a ti.	It's your turn.
Hay agua en el vaso.	There's (some) water in the glass.
Hay hielo en el congelador.	There's (some) ice in the freezer.
Pero hay un problema con eso.	But there's a problem with that.
¿Cuál es?	What is it?
Es duro para mí ser sincero.	It's hard for me to be sincere.
Hay una cola bastante larga.	There's a pretty long line / queue.
Hay un líquido extraño en el vaso.	There's a strange liquid in the glass.
Hay un buen programa en la tele.	There's a good show on TV.
Hay buenos y malos en todas las películas.	There are good guys and bad guys in every movie.
Hay una chica en tu coche.	There's a girl in your car.
Hay una niña allí.	There's a little girl over there.
Hay canciones de todas las épocas.	There are songs from every age.
Hay muchos problemas.	There are a lot of problems.
No hay muchas mujeres aquí.	There aren't many women here.
¿Hay muchos árboles?	Are there many trees?
Las cifras están bien.	The figures are okay.
Hay mucha gente aquí.	There are a lot of people here.
Hay sal en la mesa.	There's some salt on the table.
¿Hay pan en la bolsa?	Is there any bread in the bag?
Hay solo unos cuantos.	There are only a few.
Hay una carretera no lejos.	There's a highway / main road not far away.
Hay días cuando es fácil.	There are days when it's easy.
Hay bancos a lo largo de la orilla del río.	There are benches along the river bank.
Hay unos cajones en mi mesa de trabajo.	There are some drawers in my desk.
No hay mucha gente como él.	There aren't many people like him.
Hay un perro en la puerta (de valla).	There's a dog at the gate.
¿De quién es el perro?	Whose dog is it?
Es del Sr. Bruno.	It's Mr Bruno's.
Es el señor cuyo hijo es poeta.	He's the man whose son is a poet.
¿Por qué hay problemas como este?	Why are there problems like this?
Hay uno aquí.	There's one here.
Hay otro allí.	There's another one over there.
Este es mío y el otro es de él.	This one's mine and the other one's his.
No hay muchos hombres como él.	There aren't many men like him.
Hay muchos niños como ellos.	There are a lot of children like them.
¿Hay mujeres en tu empresa?	Are there any women in your company?
No hay juguetes en la caja.	There aren't any toys in the box.
Su hija (de ellos) se llama Elsie.	Their daughter's name is Elsie.
Su habitación (de ella) está junto a la de su hermano.	Her room's next to her brother's.
Hay alguien en la puerta.	There's someone at the door.
No hay nadie en la puerta.	There's no one at the door.
Hay tiempo de sobra para eso.	There's plenty of time for that.
Hay alguien fuera.	There's someone outside.
Creo que es el Sr. Brown.	I think it's Mr Brown.
¿Estás seguro de que es él?	Are you sure it's him?
Por supuesto que sí.	Of course I am.
¿Está con alguien?	Is he with someone?
Hay una mujer alta con él.	There's a tall woman with him.
Hay otra gente también.	There are some other people too.
Hay una foto de él en casa.	There's a picture of him at home.
Hay un tractor en medio.	There's a tractor in the way.
No hay tiempo para eso.	There isn't any time for that.
Solo hay una manera: la mía.	There's only one way: mine.
No hay leones en Noruega.	There aren't any lions in Norway.
Hay unas herramientas en esa caja.	There are some tools in that box.
No hay sistema de calefacción en esta oficina.	There is no heating system in this office.
¿Por qué hay gente como él?	Why are there people like him?
Hay mucho dinero para ella.	There's a lot of money for her.
Hay un hombre allí, ¿no?	There's a man there, isn't there?
¿Hay vino en la estantería?	Is there any wine on the shelf?
El vestido de la mujer es de París.	The woman's dress is from Paris.
¿Cuáles son sus intenciones? (de él)	What are his intentions?
Hay varias razones, una de las cuales es importante.	There are several reasons, one of which is important.
Hay algo extraño aquí.	There's something strange here.
Hay tiempo, pero no mucho.	There's (some) time, but not much.
Hay anuncios, pero no muchos.	There are (some) ads, but not many.
Ve a la puerta.	Go to the door.
Ven a mi lado.	Come and sit / stand next to me.
Hazlo ahora.	Do it now.
Quédate allí.	Stay there.
Estate preparado.	Be prepared.
Para el motor.	Stop the engine.
Empiece ahora mismo.	Start right now.
Dame una oportunidad.	Give me a chance.
Enséñame tu carné.	Show me your ID card.
Cómelo con las manos.	Eat it with your hands.
No lo bebas.	Don't drink it.
No la mires.	Don't look at her.
Búscalas.	Look for them.
Espérame.	Wait for me.
No lo hagas todavía.	Don't do it yet.
Ábrelo con cuidado.	Open it carefully.
No lo cierres.	Don't close it.
No seas como ellos.	Don't be like them.
Llévalo a la cocina.	Take it to the kitchen.
Tráelo inmediatamente.	Bring it immediately.
Escríbalo con este bolígrafo.	Write it with this pen.
No lo leas aún.	Don't read it yet.
Dígale usted lo siguiente:	Tell him the following:
No les pidas nada.	Don't ask them for anything.
Hazle una pregunta.	Ask him a question.
No hables tanto.	Don't talk so much.
Habla despacio cuando estés conmigo.	Speak slowly when you're with me.
Grábelo con esta máquina.	Record it with this machine.
Escúchame con mucho cuidado.	Listen to me very carefully.
Ten cuidado.	Be careful.
Métalo en la caja allí.	Put it in the box over there.
No ponga sus pies en la mesa.	Don't put your feet on the table.
Cuente hasta diez.	Count to ten.
Lléveme al aeropuerto.	Take me to the airport.
Llévalo con ambas manos.	Carry it with both hands.
No lleves puesta esa corbata.	Don't wear that tie.
Tómate dos aspirinas y acuéstate.	Take two aspirins and go to bed.
No intentes leer en la cama.	Don't try to read in bed.
No tardes.	Don't be late.
No trabajes tanto.	Don't work so much.
Descansa unos minutos.	Rest for a few minutes.
Léelo primero y después fírmalo.	Read it first and then sign it.
Lávalo y sécalo.	Wash it and dry it.
Siéntate, por favor.	Sit down, please.
Tome asiento, por favor.	Have a seat, please.
Levántese, por favor.	Get up, please.
Estudia la lección con más cuidado.	Study the lesson more carefully.
No andes tan deprisa.	Don't walk so fast.
No te tires al agua.	Don't jump into the water.
Prueba esta comida; es muy buena.	Try this food, it's very good.
No juegues con eso.	Don't play with that.
No toques la comida.	Don't touch the food.
Despiértate.	Wake up.
Despiértale.	Wake him up.
Estúdialo con mucho cuidado.	Study it very carefully.
Apréndelo cuanto antes.	Learn it as soon as possible.
Añade esto a la lista.	Add this to the list.
Toque la guitarra un poco.	Play the guitar a little.
Vigílales.	Watch them.
No lo rompas.	Don't break it.
Empiecen ahora.	Begin / start now.
Termínalo cuanto antes.	Finish it as soon as possible.
No lo olvides.	Don't forget (it).
Constrúyelo lo más lejos posible.	Build it as far away as possible.
No los compres.	Don't buy them.
Córtalo lo más corto posible.	Cut it as short as possible.
Tome una cerveza.	Have a beer.
No te caigas.	Don't fall (down).
Encuéntrales.	Find them.
Consígalo lo antes posible.	Get it as soon as possible.
No se enfade usted.	Don't get angry.
Levántese, por favor.	Get up, please.
Dales una oportunidad.	Give them a chance.
Guárdalo en el estante superior.	Keep it on the top shelf.
Sal de la habitación.	Leave the room.
Márchese antes de las tres.	Leave before three o'clock.
No la abandones.	Don't leave her.
Déjamelo a mí.	Leave it to me.
No dejes tus juguetes en la alfombra.	Don't leave your toys on the rug.
No lo pierdas.	Don't lose it.
Déjale hacerlo.	Let him do it.
A ver…	Let me see…
Déjales marcharse.	Let them leave.
Haz un esfuerzo.	Make an effort.
Di solo tu nombre de pila.	Say only your first name.
Diles por qué estás aquí.	Tell them why you're here.
No digas nada.	Don't say anything.
No les digas nada.	Don't tell them anything.
Véndeselo a ese señor.	Sell it to that man.
Mándalo por correo aéreo.	Send it by airmail.
No me lo envíes.	Don't send it to me.
No duermas en camas blandas.	Don't sleep on soft beds.
Hable inglés o márchese.	Speak English or leave.
No gastes tanto dinero.	Don't spend so much money.
Enséñale el alfabeto.	Teach him the alphabet.
Enséñame la foto.	Show me the picture.
Piénsalo.	Think about it.
Contéstales.	Answer them.
Llámame a cualquier hora.	Call me (at) any time.
Cancélalo.	Cancel it.
Cámbialo por otro.	Change it for another (one).
No lo limpies con eso.	Don't clean it with that.
No los cubras.	Don't cover them.
No llores tanto.	Don't cry so much.
Disfruta con ello.	Enjoy it.
Explica todo.	Explain everything.
No les mates.	Don't kill them.
No me mientas.	Don't lie to me.
Muévelo al otro lado del cuarto.	Move it to the other side of the room.
Ofréceselo a ellos.	Offer it to them.
Planifica tus acciones con cuidado.	Plan your actions carefully.
Pide el filete bien hecho.	Order the steak well done.
Prepara tu discurso con antelación.	Prepare your speech in advance.
No me empujes.	Don't push me.
No pintes el techo.	Don't paint the ceiling.
Pásalo a máquina.	Type it.
Que no se te caiga.	Don't drop it.
Compruébalo.	Check it.
No te preocupes.	Don't worry.
Sálvala.	Save her.
Ahorra más dinero.	Save more money.
Quédate donde estás.	Stay where you are.
Utilice este, no aquel.	Use this one, not that one.
No aparques cerca de aquí.	Don't park near here.
No fumes delante de ellos.	Don't smoke in front of them.
Pásame la sal.	Pass me the salt.
Cocínalo lentamente.	Cook it slowly.
No saltes la tapia.	Don't jump over the wall.
Ayúdanos.	Help us.
No asistas a la reunión.	Don't attend the meeting.
Despiértanos antes que a ellos.	Wake us up before them.
No pierdas esta oportunidad.	Don't miss this chance.
Espera hasta que sea la hora.	Wait until it's time.
Llega pronto.	Get there early.
No llegues allí antes que yo.	Don't get there before me.
Llévale al médico.	Take him to the doctor.
Búscales.	Look for them.
Dámelo.	Give it to me.
Dáselo a ellos.	Give it to them.
Dánoslos.	Give them to us.
Dáselo a ella.	Give it to her.
Explícaselo a él.	Explain it to him.
Muéstranoslo.	Show it to us.
Tráemelos.	Bring them to me.
Lléváselos a él.	Take them to him.
Espérame.	Wait for me.
Mírala.	Look at her.
Escúchalo.	Listen to it.
Léemelo.	Read it to me.
Están haciendo algo.	They're doing something.
Estoy jugando.	I'm playing.
Estamos descansando.	We're resting.
Estoy comiendo con mis padres.	I'm eating with my parents.
Él me está enseñando su uniforme.	He's showing me his uniform.
Están viniendo ahora.	They're coming now.
Estoy empezando una nueva vida.	I'm starting a new life.
Estamos escuchando la radio.	We're listening to the radio.
Ella me lo está trayendo ahora mismo.	She's bringing it to me right now.
¿Están mirándome?	Are they looking at me?
¿Por qué están escribiendo eso?	Why are they writing that?
Estoy grabando un CD.	I'm recording a CD.
Estamos buscando un piso.	We're looking for a flat.
¿Por qué estáis esperándoles?	Why are you waiting for them?
Creo que ella está hablando alemán.	I think she's speaking German.
¿Con quién está ella hablando?	Who's she talking to?
Me lo estoy pasando bien.	I'm having a good time.
¿Adónde van?	Where are they going?
Él está abriendo la caja con cuidado.	He's opening the box carefully.
Están lavándolo porque está sucio.	They're washing it because it's dirty.
Él me lo está dando porque es mío.	He's giving it to me because it's mine.
Están alojándose en ese hotel.	They're staying at that hotel.
Estás bebiendo mucho.	You're drinking a lot.
¿Por qué me estás haciendo tantas preguntas?	Why are you asking me so many questions?
Ella es la que lleva una blusa.	She's the one (who's) wearing a blouse.
Está empezando a llover.	It's starting to rain.
Estoy sentado en el suelo.	I'm sitting on the floor.
Alguien está durmiendo en mi cama.	Somebody's sleeping in my bed.
¿Estás leyéndolo?	Are you reading it?
¿Por qué no estás trabajando?	Why aren't you working?
Estoy secando la vajilla.	I'm drying the dishes.
¿Qué haces?	What are you doing?
¿Por qué no estás haciendo nada?	Why aren't you doing anything?
Están corriendo más rápido que yo.	They're running faster than I am.
Me están trayendo regalos.	They're bringing me presents.
Estamos cerrando la tienda.	We're closing the store.
Él está hablando con un acento.	He's speaking with an accent.
Estoy intentando dormir.	I'm trying to sleep.
Están intentando parar el coche.	They're trying to stop the car.
Estamos dándoles algunos problemas.	We're giving them some problems.
Estoy poniéndolo en tus manos.	I'm putting it in your hands.
Estoy levantándome más tarde que antes.	I'm getting up later than before.
Estás bebiendo demasiado.	You're drinking too much.
¿Quién está llevando las maletas?	Who's carrying the suitcases?
¿Con quién estás trabajando ahora?	Who are you working with now?
¿Por qué estás haciéndome esto?	Why are you doing this to me?
Estoy empezando a enfadarme.	I'm starting to get angry.
Estoy haciendo una lista muy larga.	I'm making a very long list.
Están hablando de ti.	They're talking about you.
¿Por qué estás escuchándoles?	Why are you listening to them?
¿Con quién estás jugando?	Who are you playing with?
Están despertándoles ahora.	They're waking them up now.
No estoy comprando nada.	I'm not buying anything.
¿Por qué nos están vigilando?	Why are they watching us?
Estamos viendo la televisión.	We're watching TV.
Estoy empezando a comprenderles.	I'm beginning to understand them.
Se te están olvidando demasiadas cosas.	You're forgetting too many things.
¿Qué estáis aprendiendo?	What are you learning?
Estamos aprendiendo a conducir.	We're learning how to drive.
¿Por qué la estás dejando?	Why are you leaving her?
Están marchándose ahora.	They're leaving now.
Ella está perdiendo su voz.	She's losing her voice.
Me estoy cansando de esto.	I'm getting tired of this.
Se están vistiendo ahora.	They're getting dressed now.
Están comprando todo lo que hay en la tienda.	They're buying everything there is in the store.
¿Por qué lo estás vendiendo?	Why are you selling it?
¿Qué dices?	What are you saying?
¿Qué les estás diciendo?	What are you telling them?
¿Por qué estás dejándoles escapar?	Why are you letting them escape?
Él se marcha de la empresa.	He's leaving the company.
Me lo quedo porque es mío.	I'm keeping it because it's mine.
Te olvidas de algo importante.	You're forgetting something important.
Estás incumpliendo todas las reglas.	You're breaking all the rules.
El euro está cayendo.	The euro is falling.
Estás gastando demasiado dinero.	You're spending too much money.
¿Por qué no estás asistiendo a la reunión?	Why aren't you attending the meeting?
Pienso hacerlo mañana.	I'm planning to do it tomorrow.
¿Cuándo piensas verle?	When are you planning to see him?
Estoy contestando a tus preguntas.	I'm answering your questions.
¿Por qué estás llamándome ahora?	Why are you calling me now?
Llevan paraguas.	They're carrying umbrellas.
¿Por qué estás llorando?	Why are you crying?
Están cambiando el color de la bandera.	They're changing the colour of the flag.
¿Por qué estás explicándomelo?	Why are you explaining it to me?
Nos están tomando el pelo.	They're pulling our leg.
Lo estoy disfrutando mucho.	I'm enjoying it very much.
¿Por qué estás ofreciéndome esto?	Why are you offering this to me?
Estamos abriendo una nueva tienda.	We're opening a new store.
¿Por qué me lo estás devolviendo?	Why are you returning it to me?
¿Por qué te ríes?	Why are you laughing?
¿Por qué sonríes?	Why are you smiling?
Estoy reparando el motor.	I'm repairing the engine.
¿Por qué estás ahorrando tanto?	Why are you saving so much?
Él está pintando un cuadro.	He's painting a picture.
¿Por qué estás gritándoles?	Why are you shouting at them?
¿A quién estás esperando?	Who are you waiting for?
¿Por qué estás señalándome a mí?	Why are you pointing at me?
Están plantando muchos árboles.	They're planting a lot of trees.
¿Por qué me estás haciendo preguntas?	Why are you asking me questions?
Me están pidiendo una subida salarial.	They're asking me for a raise.
Estamos comprobando tu expediente.	We're checking your record.
¿Qué estás cocinando?	What are you cooking?
¿Por qué estás cruzando la calle?	Why are you crossing the street?
Están bailando juntos.	They're dancing together.
Estoy terminando el trabajo.	I'm finishing the job.
Los precios están subiendo.	Prices are going up.
¿Por qué la estás ayudando?	Why are you helping her?
Él está fumando más que de costumbre.	He's smoking more than usual.
Están bajando las escaleras.	They're going down the stairs.
¿Por qué estás lavando los platos?	Why are you washing the dishes?
Estoy mecanografiando el informe.	I'm typing the report.
Él se traslada a Viena, ¿no?	He's moving to Vienna, isn't he?
¿Por qué estás empujándole?	Why are you pushing him?
Estoy trabajando en una empresa extranjera.	I'm working for a foreign company.
¿Quién está llamando a la puerta?	Who's knocking at the door?
¿Con quién estás hablando?	Who are you talking to?
¿Qué piensas hacer?	What are you planning to do?
¿Adónde piensas ir?	Where are you planning to go?
¿A quién piensas llamar?	Who are you planning to call?
¿Cuál piensas elegir, este o aquel?	Which one are you planning to choose, this one or that one?
Estamos intentando convencerle.	We're trying to convince him.
Él está intentando evitarnos.	He's trying to avoid us.
Estamos consiguiendo beneficios.	We're making profits.
Están sufriendo porque tienen hambre.	They're suffering because they're hungry.
Él tiene 40 años.	He's 40 years old.
Tiene tres hijos.	He has three children.
Él tiene coche.	He has a car.
No tiene teléfono.	He doesn't have a telephone.
No tiene despacho.	He doesn't have an office.
Tiene muchos problemas.	He has a lot of problems.
No tiene a mucha gente en su empresa.	He doesn't have many people in his company.
Tiene mucha paciencia.	He has a lot of patience.
No tiene mucho tiempo.	He doesn't have much time.
Tengo 50 años.	I'm 50 years old.
Tengo problemas como todo el mundo.	I have problems like everyone.
No tengo hijos.	I don't have any children.
No tienen suficiente tiempo.	They don't have enough time.
Tenemos algunos problemas.	We have some problems.
¿Tiene él bicicleta?	Does he have a bicycle?
Él no tiene nada.	He doesn't have anything.
¿Quién tiene el cuaderno?	Who has the notebook?
¿Tienes tiempo para verme?	Do you have time to see me?
¿Cuántos hijos tienes?	How many children do you have?
¿Cuánto tiempo tenemos?	How much time do we have?
¿Dónde come él?	Where does he have lunch?
¿A qué hora desayuna él?	What time does he have breakfast?
¿A qué hora cenas?	What time do you have dinner?
¿Le conoces?	Do you know him?
¿Juegan con él a menudo?	Do they play with him often?
Me gusta ese tipo de música.	I like that kind of music.
Él es muy trabajador.	He's a hard worker.
Él sabe mucho acerca de ti.	He knows a lot about you.
Ella va allí todos los sábados.	She goes there every Saturday.
¿Por qué va ella allí?	Why does she go there?
No lo sé.	I don't know.
¿Qué sabes?	What do you know?
Ella toca el piano muy bien.	She plays the piano very well.
Él ve la televisión todo el día.	He watches TV all day.
Ella se despierta temprano los viernes.	She wakes up early on Fridays.
Él gasta mucho dinero.	He spends a lot of money.
¿Por qué gasta tanto dinero?	Why does he spend so much money?
Pregúntale.	Ask him.
Él guarda su dinero en ese banco.	He keeps his money in that bank.
¿Por qué lo guarda allí?	Why does he keep it there?
Porque le gusta guardarlo allí.	Because he likes to keep it there.
¿Es tuyo esto?	Is this yours?
Sí, me pertenece a mí.	Yes, it belongs to me.
¿Cómo sabes que te pertenece?	How do you know it belongs to you?
Porque el mío tiene mi nombre.	Because mine has my name on it.
Él se gana la vida vendiendo coches.	He makes his living selling cars.
¿Vende muchos coches?	Does he sell a lot of cars?
Creo que sí.	I think so.
¿Él me conoce?	Does he know me?
Te conoce y creo que le caes bien.	He knows you and I think he likes you.
¿A qué hora llega él al trabajo?	What time does he get to work?
¿A qué hora deja el trabajo?	What time does he leave work?
¿Qué hace después del trabajo?	What does he do after work?
¿A qué hora se levanta por la mañana?	What time does he get up in the morning?
¿A qué hora sale de casa?	What time does he leave home?
¿A qué hora desayuna?	What time does he have breakfast?
¿Cómo va al trabajo?	How does he get to work?
¿Qué hace en el trabajo?	What does he do at work?
¿Come contigo?	Does he have lunch with you?
¿Con quién come?	Who does he have lunch with?
¿Viaja mucho en su trabajo?	Does he travel a lot in his job?
¿Gana mucho?	Does he earn a lot?
¿Cuánto gana al mes?	How much does he earn a month?
¿A qué hora empieza el trabajo?	What time does he start work?
¿A qué hora termina?	What time does he finish?
Él llega al trabajo a las ocho.	He gets to work at eight o'clock.
Él se levanta a las seis y media.	He gets up at six-thirty.
Él deja el trabajo a la una y cuarto.	He leaves work at one-fifteen.
Va a casa después del trabajo.	He goes home after work.
Sale de casa a las siete y veinte.	He leaves home at seven-twenty.
Va al trabajo en coche.	He drives to work.
Desayuna a las siete menos diez.	He has breakfast at ten to seven.
No come conmigo.	He doesn't have lunch with me.
Él come solo.	He has lunch alone.
¿Por qué come solo?	Why does he have lunch alone?
Porque le gusta.	Because he likes to.
Gana muy poco.	He earns very little.
Empieza el trabajo a las ocho y cinco.	He starts work at five past eight.
Termina a la una y cuarto.	He finishes at one-fifteen.
Ella es tu hermana, ¿no?	She's your sister, isn't she?
¿Es mayor que tú?	Is she older than you?
¿Está casada?	Is she married?
¿Tiene hijos?	Does she have any children?
¿Dónde vive?	Where does she live?
¿Vive en una casa grande?	Does she live in a big house?
¿Te llama a menudo?	Does she call you often?
¿Por qué no te llama?	Why doesn't she call you?
¿Dónde trabaja?	Where does she work?
¿Su marido te conoce bien?	Does her husband know you well?
¿A qué se dedica él?	What does he do?
¿Gana mucho?	Does he earn a lot?
¿Trabaja los sábados?	Does he work on Saturdays?
¿Cómo le gusta su trabajo?	How does he like his job?
¿Pasa mucho tiempo con sus hijos?	Does he spend a lot of time with his children?
¿Vive en un chalet o un piso?	Does he live in a house or a flat?
Ella vive lejos de aquí.	She lives far from here.
Él rompe todo lo que toca.	He breaks everything he touches.
Él toca la guitarra como tú.	He plays the guitar like you do.
Él olvida las cosas fácilmente.	He forgets things easily.
Se enfada cuando pierde.	He gets angry when he loses.
¿Pierde a menudo?	Does he often lose?
Dice lo que piensa.	He says what he thinks.
Cree que estamos locos.	He thinks we're crazy.
¿Tiene razón?	Is he right?
¿Quién sabe?	Who knows?
Solo Dios sabe.	God only knows.
¿Cuántos idiomas habla él?	How many languages does he speak?
¿Qué dice él cuando te ve?	What does he say when he sees you?
No dice nada.	He doesn't say anything.
Él siempre se cae cuando viene aquí.	He always falls over when he comes here.
¿Con qué frecuencia viene aquí?	How often does he come here?
Viene con demasiada frecuencia.	He comes too often.
¿Por qué viene tan frecuentemente?	Why does he come so often?
Porque le gusta.	Because he likes to.
¿Os deja trabajar?	Does he let you work?
Por supuesto que nos deja trabajar.	Of course he lets us work.
¿Os deja descansar de vez en cuando?	Does he let you rest from time to time?
Esa es otra cuestión.	That's another matter.
¿Se queda aquí cuando hay problemas?	Does he stay here when there are problems?
No le gusta quedarse aquí.	He doesn't like to stay here.
Prefiere mandar a un ayudante.	He prefers to send an assistant.
¿Os trata bien?	Does he treat you well?
Nos trata como a todo el mundo.	He treats us like everyone else.
¿Quién vive aquí?	Who lives here?
Nadie vive aquí.	No one lives here.
¿Está la casa vacía?	Is the house empty?
¿Cuántas plantas tiene?	How many floors does it have?
¿Cuántos años tiene?	How old is it?
¿Tiene tejado?	Does it have a roof?
¿Adónde vas?	Where are you going?
¿Siempre vas allí?	Do you always go there?
¿Por qué te gusta ir allí?	Why do you like to go there?
Enséñame tu corbata.	Show me your tie.
¿Dónde compras tu ropa?	Where do you buy your clothes?
¿Cuesta mucho una corbata como esa?	Does a tie like that cost a lot?
¿Cuánto cuesta?	How much does it cost?
¿Por qué cuesta tanto?	Why does it cost so much?
¿Por qué compras corbatas como esa?	Why do you buy ties like that (one)?
Porque me gusta.	Because I like to.
¿Por qué me haces tantas preguntas?	Why are you asking me so many questions?
Porque quiero.	Because I want to.
¿Te gusta hacerme preguntas?	Do you like asking me questions?
Él me lleva a casa todos los días.	He takes me home every day.
Ella me trae aquí cada lunes.	She brings me here every Monday.
¿Por qué hace ella eso?	Why does she do that?
Porque cree que no tengo coche.	Because she thinks I don't have a car.
¿Por qué habla ella tanto?	Why does she talk so much?
Porque nadie le dice que se calle.	Because nobody tells her to be quiet.
¿Sabe ella que estás casado?	Does she know you're married?
¿Paras cuando el semáforo está en rojo?	Do you stop when the light's red?
Sé hablar alemán.	I can speak German.
Escriben para una revista francesa.	They write for a French magazine.
¿Comes mucho?	Do you eat a lot?
Él está gordo porque come demasiado.	He's fat because he eats too much.
¿Cómo se cierra esta puerta?	How do you close this door?
¿Normalmente durante cuánto tiempo les esperas?	How long do you normally wait for them?
Él escucha las noticias cada día.	He listens to the news every day.
¿Es tuyo ese cuadro?	Is that picture yours?
¿Tiene título?	Does it have a title?
¿Cuánto cuesta?	How much does it cost?
¿Qué significa el título?	What does the title mean?
¿Qué significa esta palabra?	What does this word mean?
¿Qué quieres decir?	What do you mean?
¿Sabe todo el mundo dónde estás?	Does everyone know where you are?
¿Te hacen preguntas?	Do they ask you questions?
¿Tienes que contestarlas?	Do you have to answer them?
¿Cómo funciona?	How does it work?
¿Cómo trabaja él?	How does he work?
¿Cómo suena?	How does it sound?
Sé leer y escribir.	I know how to read and write.
¿Sabe él deletrear correctamente?	Does he know how to spell correctly?
Saben todo acerca de nosotros.	They know everything about us.
Si nunca juegas, nunca ganas.	If you never play, you never win.
Asisto a muchas reuniones.	I attend a lot of meetings.
Voy a asistir a una mañana.	I'm going to attend one tomorrow.
¿Qué vas a hacer?	What are you going to do?
No voy a contestar a eso.	I'm not going to answer that.
Vienen aquí bastante a menudo.	They come here quite often.
Siempre hago un esfuerzo.	I always make an effort.
Pienso darte un trabajo.	I'm planning to give you a job.
¿Por qué quieres hacer eso?	Why do you want to do that?
No sé todavía.	I don't know yet.
Todavía estoy pensando en ello.	I'm still thinking about it.
No esperes demasiado.	Don't wait too long.
Te preocupas demasiado.	You worry too much.
¿Por qué te preocupas tanto?	Why do you worry so much?
Él camina como un mono.	He walks like a monkey.
Habla como un loro.	He talks like a parrot.
Trabaja mucho.	He works hard / a lot.
Le gusta trabajar mucho.	He likes to work hard.
Hace muchos trabajos importantes.	He does a lot of important jobs.
Se pone enfermo cuando me ve.	He gets sick / ill when he sees me.
Pierde el control de sí mismo.	He loses control of himself.
Toma demasiadas medicinas.	He takes too much medicine.
Se le olvidan citas importantes.	He forgets important appointments.
Lee mucho pero aprende muy poco.	He reads a lot but learns very little.
Enseña griego por las noches.	He teaches Greek at night.
Él nunca sale con nadie.	He never goes out with anyone.
Se queda en casa los fines de semana.	He stays at home at weekends.
Nunca hace nada salvo leer.	He never does anything but read.
Lleva ropa extraña en casa.	He wears strange clothes at home.
A veces me cuenta un chiste.	Sometimes he tells me a joke.
Pero es una persona callada.	But he's a quiet person.
Habla solo cuando está con amigos.	He talks only when he's with friends.
¿Eres amigo suyo?	Are you a friend of his?
Creo que lo soy.	I think I am.
¿Le gusta hablar contigo?	Does he like to talk to you?
A veces sí y a veces no.	Sometimes he does and sometimes he doesn't.
¿No se quiere casar?	Doesn't he want to get married?
¿No tiene pasatiempos?	Doesn't he have any hobbies?
¿No se da cuenta de que la vida es corta?	Doesn't he realize that life is short?
¿Qué hace cuando está solo?	What does he do when he's alone?
No hace nada.	He doesn't do anything.
¿Le visitas alguna vez?	Do you ever visit him?
Nunca quiere ver a nadie.	He never wants to see anyone.
¡Qué extraño!	How strange!
¿Viaja en su trabajo?	Does he travel as part of his job?
¿Tiene que ver a clientes?	Does he have to see customers?
Tiene que ver a mucha gente.	He has to see a lot of people.
¿Cómo les habla?	How does he talk to them?
Cuando tiene que hablar, habla.	When he has to talk, he talks.
No voy a decirte nada.	I'm not going to tell you anything.
Tú sabes lo que quiero decir.	You know what I mean.
¿Por qué vas a hacer eso?	Why are you going to do that?
Porque hago lo que quiero.	Because I do what I want.
¿Sabes lo que estás diciendo?	Do you know what you're saying?
Simplemente estoy diciendo la verdad.	I'm simply telling the truth.
Me encuentro mal.	I feel bad.
Es porque comes demasiado.	It's because you eat too much.
¿Cómo sabes que como demasiado?	How do you know I eat too much?
Tengo mis fuentes de información.	I have my sources of information.
¿Cuántas espías tienes en la organización?	How many spies do you have in the organization?
Los suficientes como para saber muchas cosas.	Enough to know a lot of things.
¿Cómo se encuentra ella?	How does she feel?
Creo que está mejorando.	I think she's getting better.
¿Se acuerda del accidente?	Does she remember the accident?
No se acuerda de nada.	She doesn't remember anything.
¿Reconoce a la gente?	Does she recognize people?
¿Cuándo va a dejar el hospital?	When's she going to leave hospital?
¿Vais a operarla?	Are you going to operate on her?
¿Dejáis que su familia la visite?	Do you let her family visit her?
¿Cuándo lo vas a comprobar?	When are you going to check it?
¿Qué haces cuando estás aquí?	What do you do when you're here?
¿Quién tiene parientes en América?	Who has relatives in America?
Tengo un tío en Canadá.	I have an uncle in Canada.
¿Habla él inglés?	Does he speak English?
Es la única lengua que habla.	It's the only language he speaks.
¿Le conoces bien?	Do you know him well?
Voy a Canadá todos los veranos.	I go to Canada every summer.
¿Cómo te comunicas con él?	How do you communicate with him?
Quiero decir "¿cómo le hablas?"	I mean, "how do you speak to him?"
Le hablo como te hablo a ti ahora.	I speak to him like I'm speaking to you now.
Pero él no habla español.	But he doesn't speak Spanish.
Le hablo en inglés.	I speak to him in English.
Entonces hablas inglés.	Then you speak English.
Por supuesto que sí, ¿tú no?	Of course I do, don't you?
Sé un poco, pero no lo suficiente.	I know a little, but not enough.
¿No lo suficiente para qué?	Not enough for what?
No lo suficiente para hablar bien.	Not enough to speak well.
Es una lástima.	It's a pity.
¿Por qué dices eso?	Why do you say that?
Porque no sabes lo que estás perdiendo.	Because you don't know what you're missing.
Enséñame el idioma.	Teach me the language.
No sé enseñarlo.	I don't know how to teach it.
Entonces ¿cómo voy a aprenderlo?	Then, how am I going to learn it?
Hazlo como lo hago yo.	Do it like I do (it).
¿Cómo lo haces?	How do you do it?
Leo libros y escucho discos.	I read books and listen to CDs.
Nadie aprende idiomas de esa manera.	Nobody learns languages that way.
¿Quién mecanografía tus cartas?	Who types your letters?
La secretaria del director general.	The general manager's secretary.
Escribe muy bien a máquina.	She types very well.
Es por eso por lo que es la secretaria del director general.	That's why she's the general manager's secretary.
¿No tienes tu propia secretaria?	Don't you have your own secretary?
No tengo a nadie que me ayude.	I don't have anyone to help me.
¿Necesitas a alguien?	Do you need anyone?
Por supuesto que sí.	Of course I do.
Entonces pide a alguien.	Then ask for someone.
No es tan fácil.	It's not that easy.
¿Por qué fuma él tanto?	Why does he smoke so much?
El fumar le relaja.	Smoking relaxes him.
Así que necesita fumar.	So he needs to smoke.
Es una persona muy nerviosa.	He's a very nervy person.
¿Por qué es tan nervioso?	Why is he so nervy?
Supongo que es porque tiene muchas preocupaciones.	I suppose it's because he worries a lot.
¿Y por qué se preocupa tanto?	And why does he worry so much?
Tiene mucha responsabilidad.	He has a lot of responsibility.
¿Por qué es eso?	Why is that?
Porque mucha gente depende de él.	Because a lot of people depend on him.
No repitas todo lo que digo.	Don't repeat everything I say.
Él ahorra mucho dinero.	He saves a lot of money.
¿Ahorras tú mucho dinero también?	Do you save a lot of money too?
Gasto todo lo que gano.	I spend everything I earn.
Intento ahorrar pero no puedo.	I try to save but I can't.
¿Cuánto ahorra tu amigo?	How much does your friend save?
Ahorra el 25 por ciento de su sueldo.	He saves 25 percent of his salary.
¿Qué hace con el dinero?	What does he do with the money?
Lo usa para comprar regalos.	He uses it to buy presents.
¿Para quién compra regalos?	Who does he buy presents for?
Para todo el mundo excepto para ti.	For everyone except you.
¿Por qué no me regala nada?	Why doesn't he give me anything?
Porque haces demasiadas preguntas.	Because you ask too many questions.
¿Qué quieres?	What do you want?
¿Cuándo vas a pagarlo?	When are you going to pay for it?
¿Dónde lo vas a guardar?	Where are you going to keep it?
¿Cuándo se lo vas a dar a ella?	When are you going to give it to her?
¿Por qué quieres darle un anillo?	Why do you want to give her a ring?
¿Cuántos años tiene ella?	How old is she?
¿Sabe que quieres casarte con ella?	Does she know you want to marry her?
¿No es un poco joven?	Isn't she a little young?
Espero que sepas lo que haces.	I hope you know what you're doing.
Me gusta ayudar a la gente.	I like to help people.
Tienes que hacer un esfuerzo.	You have to make an effort.
¿Por qué tienen que venir aquí?	Why do they have to come here?
El espectáculo va a durar una hora.	The show's going to last an hour.
Le gusta gritar a la gente.	He likes to shout at people.
¿Es esto lo único que tienes?	Is this the only thing you have?
Él sabe más de lo que tú crees.	He knows more than you think.
Nadie sabe más que yo.	Nobody knows more than I do.
Nadie sabe por qué ella se fue.	Nobody knows why she left.
Todo el mundo piensa que va a nevar.	Everybody thinks it's going to snow.
Pienso visitar a Tom pronto.	I'm planning to visit Tom soon.
Febrero es un mes frío.	February's a cold month.
Él tiene problemas de salud.	He has health problems.
¿Quién no?	Who doesn't?
Yo no tengo problemas de ningún tipo.	I don't have problems of any kind.
Tienes mucha suerte.	You're very lucky.
No es una cuestión de suerte.	It's not a question of luck.
Nunca como demasiado.	I never eat too much.
Siempre como comidas equilibradas.	I always eat balanced meals.
Nunca gasto todo lo que gano.	I never spend everything I earn.
Siempre ahorro un poco cada mes.	I always save a little each month.
No fumo y nunca bebo demasiado.	I don't smoke and I never drink too much.
Me acuesto a una hora normal.	I go to bed at a normal time.
Hago ejercicio todas las mañanas.	I do exercises every morning.
Bebo muy poco café.	I drink very little coffee.
No dejo que las cosas me preocupen.	I don't let things worry me.
Organizo mi tiempo en el trabajo.	I organise my time at work.
No espero hasta el último momento para hacer algo.	I don't wait until the last minute to do something.
No vivo para trabajar.	I don't live for work.
Paso mucho tiempo con mi familia.	I spend a lot of time with my family.
Tomo vitaminas todos los días.	I take vitamins every day.
No tomo medicinas a no ser que sean absolutamente necesarias.	I don't take medicine unless it's absolutely necessary.
Sigo pensando que tienes mucha suerte.	I still think you're very lucky.
Sé que hay una manera de hacerlo.	I know there's a way to do it.
Haz lo que hago.	Do what I do.
¿Haces alguna vez algo malo?	Do you ever do anything bad?
Nunca hago nada malo.	I never do anything bad.
No me lo creo.	I don't believe it.
Yo nunca creo lo que él dice.	I never believe what he says.
¿Qué dice?	What does he say?
Dice mentiras.	He tells lies.
¿Estás seguro de eso?	Are you sure about that?
Siempre digo la verdad.	I always tell the truth.
Le voy a llamar ahora mismo.	I'm going to call him right now.
¿Por qué necesitas llamarle?	Why do you need to call him?
Necesito su consejo.	I need his advice.
¿Tienes un problema?	Do you have a problem?
No, pero quiero su consejo de todas formas.	No, but I want his advice anyway.
Dime lo que pasa.	Tell me what the matter is.
Necesito dinero.	I need some money.
¿Cuánto necesitas?	How much do you need?
Más de lo que tú tienes.	More than you have.
¿Quién va a dártelo?	Who's going to give it to you?
No sé todavía.	I don't know yet.
¿Todavía estás buscando a alguien?	Are you still looking for someone?
No es fácil encontrar dinero.	It's not easy to find money.
¿Sabe Morgan algo?	Does Morgan know anything?
Ya sabe todo.	He already knows everything.
¿Qué estás haciendo?	What are you doing?
¿Con qué frecuencia haces eso?	How often do you do that?
¿Entiendes por qué le estoy buscando?	Do you understand why I'm looking for him?
Siempre le estás buscando.	You're always looking for him.
Es porque siempre necesito encontrarle.	It's because I always need to find him.
¿Qué es lo que necesita tu hermano?	What does your brother need?
No estoy hablando contigo.	I'm not talking to you.
¿Qué te pasa?	What's the matter (with you)?
Todo el mundo quiere saber por qué.	Everybody wants to know why.
Es una reacción normal.	It's a normal reaction.
¿Qué crees que va a pasar?	What do you think is going to happen?
No va a pasar nada.	Nothing's going to happen.
No me des problemas.	Don't give me problems.
¿Por qué me estás mirando?	Why are you looking at me?
¿Crees que él va a venir?	Do you think he's going to come?
No sé qué creer.	I don't know what to think.
¿Por qué no nos lo piden?	Why don't they ask us for it?
Nunca piden cosas a la gente.	They never ask people for things.
Siempre piden vino primero.	They always order wine first.
No tengo nada.	I don't have anything.
Ese es el que se rompe fácilmente.	That's the one that breaks easily.
No funciona.	It doesn't work.
Estas cosas nunca funcionan.	These things never work.
Funcionan si las tratas bien.	They work if you treat them well.
¿A qué hora tienes que estar aquí?	What time do you have to be here?
Siempre tengo que limpiar el suelo.	I always have to clean the floor.
Te pagan bien, ¿no?	They pay you well, don't they?
Pero tengo los peores trabajos.	But I have the worst jobs.
Me gusta conocer a gente como tú.	I like to meet people like you.
Me alegro de que te guste el cuadro.	I'm glad you like the painting.
Me gusta mucho pintar.	I like to paint very much.
Sé que él estudia muy poco.	I know he studies very little.
Pienso pedírselo.	I'm planning to ask him for it.
¿No funciona bien?	Doesn't it work well?
¿No te entienden?	Don't they understand you?
¿No intenta él hacer nada?	Doesn't he try to do anything?
¿No llueve en tu país?	Doesn't it rain in your country?
Él te conoce, ¿no?	He knows you, doesn't he?
¿Qué dice el mensaje?	What does the message say?
¿Te pertenece esto?	Does this belong to you?
¿A quién pertenece?	Who does it belong to?
Nunca gano, siempre pierdo.	I never win, I always lose.
Nadie me quiere.	Nobody loves me.
¿Siempre va él solo?	Does he always go alone?
Eso es lo que le gusta hacer.	That's what he likes to do.
¿Qué te gusta a ti hacer?	What do you like to do?
Me gusta hacer lo que él hace.	I like to do what he does.
Ten cuidado cuando sales con él.	Be careful when you go out with him.
Trabaja de día y duerme de noche.	He works during the day and sleeps at night.